,State_Name,DFSI
Patna,BIHAR,19.300564104042074
Murshidabad,WEST BENGAL,18.910883771379428
Thane,MAHARASHTRA,18.861789241935494
Guntur,ANDHRA PRADESH,18.83206907033492
North Twenty Four Pargan*,WEST BENGAL,18.77053767455695
Nagpur,MAHARASHTRA,18.687113593311008
Purba Medinipur,WEST BENGAL,18.370425949562634
Lakhimpur,ASSAM,18.33746571265321
Gorakhpur,UTTAR PRADESH,18.30257560143651
Purba Champaran,BIHAR,18.29578760114369
Kota,RAJASTHAN,18.28899123555501
Muzaffarpur,BIHAR,18.287015902561855
Ballia,UTTAR PRADESH,18.282412575936064
Maldah,WEST BENGAL,18.258130027039368
Aurangabad,BIHAR,18.255102457499184
Rajkot,GUJARAT,18.23927454775029
Cachar,ASSAM,18.140456924041366
Ahmadabad,GUJARAT,18.117122356772818
Aurangabad,BIHAR,18.09924752686318
Bahraich,UTTAR PRADESH,18.077352963427945
Dibrugarh,ASSAM,18.068232702990574
Prayagraj,UTTAR PRADESH,18.06694088316479
Chamoli,UTTARAKHAND,18.05798993917151
Darjiling,WEST BENGAL,18.01898148587533
Jalpaiguri,WEST BENGAL,18.00303602720487
Azamgarh,UTTAR PRADESH,17.951289130056143
Pashchim Champaran,BIHAR,17.92933849820152
Amravati,MAHARASHTRA,17.907707348841942
Medinipur West,WEST BENGAL,17.869045637008952
Samastipur,BIHAR,17.76199430185416
Darbhanga,BIHAR,17.744619139380248
Alappuzha,KERALA,17.725461969849633
Surat,GUJARAT,17.686867251651705
Kachchh,GUJARAT,17.66899887709203
Shimla,HIMACHAL PRADESH,17.6226469397165
Bhagalpur,BIHAR,17.604486494190635
Madhubani,BIHAR,17.604319048943815
Raigarh,CHHATTISGARH,17.570758110656712
Bharuch,GUJARAT,17.568946762319865
Nanded,MAHARASHTRA,17.5598713904459
Hamirpur,UTTAR PRADESH,17.536827590186714
Nadia,WEST BENGAL,17.534500094496988
Dhemaji,ASSAM,17.531994905456393
Pune,MAHARASHTRA,17.524811977180292
Kamrup,ASSAM,17.51092316732499
Sitapur,UTTAR PRADESH,17.504226814413553
Deoria,UTTAR PRADESH,17.491668267861357
Kheri,UTTAR PRADESH,17.48620569437293
Hooghly,WEST BENGAL,17.48618759234521
Agra,UTTAR PRADESH,17.46347311350804
Ganjam,ODISHA,17.46172971322325
Cuttack,ODISHA,17.44880793951162
Begusarai,BIHAR,17.41078092869951
Katihar,BIHAR,17.361725993584006
Thiruvananthapuram,KERALA,17.350365322366642
Bankura,WEST BENGAL,17.31955291994364
Baleshwar,ODISHA,17.31748221832247
Malappuram,KERALA,17.302052893954528
Raigarh,CHHATTISGARH,17.301913666593386
Sawai Madhopur,RAJASTHAN,17.29473115217755
Nagaon,ASSAM,17.238952599430498
Kurnool,ANDHRA PRADESH,17.238126513748753
Basti,UTTAR PRADESH,17.214701565903344
Varanasi,UTTAR PRADESH,17.20928123007672
Visakhapatnam,ANDHRA PRADESH,17.206748814948707
Thrissur,KERALA,17.200701537959194
Bara Banki,UTTAR PRADESH,17.20010241203816
Karimganj,ASSAM,17.19490183397846
Tinsukia,ASSAM,17.191385633985888
Kottayam,KERALA,17.17757331913893
Pratapgarh,UTTAR PRADESH,17.176322542772045
Saran,BIHAR,17.163889217193876
Hamirpur,UTTAR PRADESH,17.140789966571763
Kolhapur,MAHARASHTRA,17.133566360241808
Bharatpur,RAJASTHAN,17.131242714643918
Supaul,BIHAR,17.111278582391943
Kannur,KERALA,17.10860522742122
Barpeta,ASSAM,17.072155278812332
Khagaria,BIHAR,17.067464382639127
Etawah,UTTAR PRADESH,17.067086494018813
Jammu,JAMMU & KASHMIR,17.046325534618752
Cooch Behar,WEST BENGAL,17.04587802487752
Saharanpur,UTTAR PRADESH,17.04140679871483
Ratnagiri,MAHARASHTRA,17.025442396530302
East Godavari,ANDHRA PRADESH,17.021823993758144
Saharsa,BIHAR,17.01851798654835
Thanjavur,TAMIL NADU,16.98285416233113
Meerut,UTTAR PRADESH,16.977844683490805
Howrah,WEST BENGAL,16.963762846672328
Pithoragarh,UTTARAKHAND,16.95882245057062
Junagadh,GUJARAT,16.930629004549242
Gonda,UTTAR PRADESH,16.927312735081465
Jaipur,RAJASTHAN,16.921200252666964
Sonitpur,ASSAM,16.918268535297507
Sivasagar,ASSAM,16.918155167420082
Uttarkashi,UTTARAKHAND,16.914467976234626
Parbhani,MAHARASHTRA,16.906483978740717
Ernakulam,KERALA,16.88354555320735
Kullu,HIMACHAL PRADESH,16.874404330835112
Lucknow,UTTAR PRADESH,16.858658560379418
Faizabad,UTTAR PRADESH,16.85165548633664
Kozhikode,KERALA,16.80782668073376
Goalpara,ASSAM,16.805708109763213
Jorhat,ASSAM,16.78312101435033
Rudraprayag,UTTARAKHAND,16.76850435872075
Gopalganj,BIHAR,16.76771702942539
Raichur,KARNATAKA,16.75793281018545
Patiala,PUNJAB,16.73168616422408
Palakkad,KERALA,16.724680975555888
Vaishali,BIHAR,16.699429152017437
Ballari,KARNATAKA,16.687776013211217
Jodhpur,RAJASTHAN,16.68515856127328
Uttara Kannada,KARNATAKA,16.67968267591538
Jaunpur,UTTAR PRADESH,16.67693934713436
Dakshina Kannada,KARNATAKA,16.67252490434371
Balaghat,MADHYA PRADESH,16.630218636838876
Chennai,TAMIL NADU,16.62215635244921
Pratapgarh,UTTAR PRADESH,16.61975366631914
Birbhum,WEST BENGAL,16.588413943958574
Sitamarhi,BIHAR,16.54083412285714
Chandrapur,MAHARASHTRA,16.530213646482306
Tiruchirappalli,TAMIL NADU,16.507546354019137
Golaghat,ASSAM,16.50027274094674
Aligarh,UTTAR PRADESH,16.49352826124584
Darrang,ASSAM,16.49301020590384
Sindhudurg,MAHARASHTRA,16.48929416640429
Bareilly,UTTAR PRADESH,16.485703008265663
Jalaun,UTTAR PRADESH,16.4785904772343
Solapur,MAHARASHTRA,16.464257131913666
Bikaner,RAJASTHAN,16.457523131899894
Aurangabad,MAHARASHTRA,16.453444018807634
Munger,BIHAR,16.453027127776114
Muzaffarnagar,UTTAR PRADESH,16.43435970342118
Ghazipur,UTTAR PRADESH,16.433974169994748
Dhubri,ASSAM,16.416419374958934
West Godavari,ANDHRA PRADESH,16.38794981720737
Barmer,RAJASTHAN,16.36665709469927
Mathura,UTTAR PRADESH,16.360129491585603
Purnia,BIHAR,16.341519369758835
Dehradun,UTTARAKHAND,16.331394182480402
Nawada,BIHAR,16.329761098405058
Bid,MAHARASHTRA,16.327195488559887
Amritsar,PUNJAB,16.326198333448385
Aurangabad,MAHARASHTRA,16.29758908817163
Balrampur,UTTAR PRADESH,16.273890154213387
Kalaburagi,KARNATAKA,16.27130403580589
Hardoi,UTTAR PRADESH,16.246358522053228
Dakshin Dinajpur,WEST BENGAL,16.243608173190268
Unnao,UTTAR PRADESH,16.230177745178764
Raigarh,MAHARASHTRA,16.20634326085652
Jalgaon,MAHARASHTRA,16.203766218047182
Moradabad,UTTAR PRADESH,16.170468649462784
Nalanda,BIHAR,16.16893638177635
Bulandshahr,UTTAR PRADESH,16.156742626782666
Mandi,HIMACHAL PRADESH,16.145166319236747
Araria,BIHAR,16.139375553110227
Wayanad,KERALA,16.135483336003308
Jalandhar,PUNJAB,16.12634939775498
Kasaragod,KERALA,16.122794226826645
Budaun,UTTAR PRADESH,16.11888766407801
Firozabad,UTTAR PRADESH,16.085013203174043
Mirzapur,UTTAR PRADESH,16.08213687752855
Banda,UTTAR PRADESH,16.059900808320847
Kanpur Dehat,UTTAR PRADESH,16.056076897408293
Sultanpur,UTTAR PRADESH,16.055801690738456
Gaya,BIHAR,16.047065958457697
Kanpur Nagar,UTTAR PRADESH,16.037032577580113
Alwar,RAJASTHAN,16.035513548288417
Gadchiroli,MAHARASHTRA,16.028387315575035
Hamirpur,HIMACHAL PRADESH,16.006186764037174
Vadodara,GUJARAT,15.994498844329867
Pathanamthitta,KERALA,15.993823606127968
Pali,RAJASTHAN,15.976500768955797
Vizianagaram,ANDHRA PRADESH,15.961001525134424
Kolkata,WEST BENGAL,15.957336198809111
Krishna,ANDHRA PRADESH,15.957324083169677
Siwan,BIHAR,15.941828102345882
Jalor,RAJASTHAN,15.941008821581091
Wardha,MAHARASHTRA,15.93909113222713
Raigarh,MAHARASHTRA,15.937498816793196
Morigaon,ASSAM,15.894310472731716
Fatehpur,UTTAR PRADESH,15.880027904370003
Tonk,RAJASTHAN,15.834013405214002
Bundi,RAJASTHAN,15.829483864809061
Kangra,HIMACHAL PRADESH,15.827797199316025
Surendranagar,GUJARAT,15.827202884851875
Kishanganj,BIHAR,15.818143694114555
Coimbatore,TAMIL NADU,15.81294135542745
Nashik,MAHARASHTRA,15.810755854706201
Shahjahanpur,UTTAR PRADESH,15.810738427976837
Bhandara,MAHARASHTRA,15.806534648057134
Balrampur,UTTAR PRADESH,15.795300126674809
Kheda,GUJARAT,15.780664183908018
Hailakandi,ASSAM,15.767161467507034
Bhojpur,BIHAR,15.752007841506037
Prakasam,ANDHRA PRADESH,15.737687231974204
Dharwad,KARNATAKA,15.729608893745239
Balrampur,CHHATTISGARH,15.715658222900661
Bengaluru Rural,KARNATAKA,15.693701586601925
Pratapgarh,RAJASTHAN,15.691788157661959
Jhansi,UTTAR PRADESH,15.684866276313064
Amreli,GUJARAT,15.68483276196048
Cuddalore,TAMIL NADU,15.662049981665302
Bilaspur,CHHATTISGARH,15.634530172393665
Ajmer,RAJASTHAN,15.626895014531895
Hamirpur,HIMACHAL PRADESH,15.610149140422227
Madurai,TAMIL NADU,15.602727307977238
Madhepura,BIHAR,15.593342755837629
Akola,MAHARASHTRA,15.578364230579806
Gurdaspur,PUNJAB,15.565982611007675
Koraput,ODISHA,15.560269755580746
Bhilwara,RAJASTHAN,15.558022770832022
Banas Kantha,GUJARAT,15.557662783463703
Nalbari,ASSAM,15.551852487901126
Kinnaur,HIMACHAL PRADESH,15.549731350637835
Valsad,GUJARAT,15.547421370787786
Ramanathapuram,TAMIL NADU,15.515402596471082
Nagapattinam,TAMIL NADU,15.510547035317165
Mysuru,KARNATAKA,15.49929207355667
Viluppuram,TAMIL NADU,15.458700034241385
Churu,RAJASTHAN,15.457609817828729
Kannauj,UTTAR PRADESH,15.449324962770856
Bangalore,KARNATAKA,15.439242120141657
Sangli,MAHARASHTRA,15.438451271929045
Bijapur,CHHATTISGARH,15.438205824489648
Rohtas,BIHAR,15.415270144390568
Bilaspur,HIMACHAL PRADESH,15.413478259569072
Mainpuri,UTTAR PRADESH,15.403048909170366
Amethi,UTTAR PRADESH,15.387214003222002
Pilibhit,UTTAR PRADESH,15.377845702339462
Aizawl,MIZORAM,15.373862352432583
Karbi Anglong,ASSAM,15.362021962889797
Navsari,GUJARAT,15.33375021700011
Purba Bardhaman,WEST BENGAL,15.321666311237394
Anantapur,ANDHRA PRADESH,15.320255724757601
Sri Potti Sriramulu Nell*,ANDHRA PRADESH,15.305835568857868
Ludhiana,PUNJAB,15.295306737527337
Srikakulam,ANDHRA PRADESH,15.261049338054017
Balrampur,CHHATTISGARH,15.237068195362083
Kendrapara,ODISHA,15.214873218557004
Bidar,KARNATAKA,15.210263157247708
Kendujhar,ODISHA,15.190476797786722
Banka,BIHAR,15.16369520645247
Sambhal,UTTAR PRADESH,15.160659531247893
West Nimar,MADHYA PRADESH,15.15254210391885
Ganganagar,RAJASTHAN,15.146737991741977
Punch,JAMMU & KASHMIR,15.139791863648927
Sambalpur,ODISHA,15.138200846937861
Gautam Buddha Nagar,UTTAR PRADESH,15.137927295438988
Pratapgarh,RAJASTHAN,15.135219281209052
South Twenty Four Pargan*,WEST BENGAL,15.125565011678852
Kasganj,UTTAR PRADESH,15.101670082579261
Puri,ODISHA,15.10138817904642
Mumbai,MAHARASHTRA,15.096322280834935
Jaisalmer,RAJASTHAN,15.080382269472423
Gadag,KARNATAKA,15.077883110523665
Kokrajhar,ASSAM,15.045468181811822
Baran,RAJASTHAN,15.039160483347256
Sirsa,HARYANA,15.03133710706316
Bijnor,UTTAR PRADESH,15.029465062390958
Bhadrak,ODISHA,15.017488855468347
Mayurbhanj,ODISHA,15.016612155483825
Buxar,BIHAR,15.01252575840675
Bilaspur,CHHATTISGARH,15.010063257516089
Bongaigaon,ASSAM,15.001631836615058
Baramula,JAMMU & KASHMIR,14.999944827865958
Jalna,MAHARASHTRA,14.992897194017873
Lakhisarai,BIHAR,14.989151061334136
Sheohar,BIHAR,14.98702657896984
Farrukhabad,UTTAR PRADESH,14.975491783899162
Belagavi,KARNATAKA,14.974630688320827
Kaimur (bhabua),BIHAR,14.971136972647972
Chittoor,ANDHRA PRADESH,14.968531993958035
Amroha,UTTAR PRADESH,14.964340640710867
Kalahandi,ODISHA,14.95201812997386
Firozpur,PUNJAB,14.946469180526158
Patan,GUJARAT,14.916492724107849
Chamba,HIMACHAL PRADESH,14.895307241291423
Ghaziabad,UTTAR PRADESH,14.894861635598293
Bhavnagar,GUJARAT,14.866710246249184
Salem,TAMIL NADU,14.8645723747814
Etah,UTTAR PRADESH,14.857222982218246
Tiruvannamalai,TAMIL NADU,14.853012994402956
Mahesana,GUJARAT,14.85260955635632
Baksa,ASSAM,14.8521292715311
Haveri,KARNATAKA,14.846701945959106
Jehanabad,BIHAR,14.842210309592142
Hisar,HARYANA,14.841568140078655
Dhenkanal,ODISHA,14.83228359745756
Idukki,KERALA,14.830320339480933
Palghar,MAHARASHTRA,14.821020652118023
Sirmaur,HIMACHAL PRADESH,14.806329363348578
Yadgir,KARNATAKA,14.804164824424284
Raisen,MADHYA PRADESH,14.793973354915757
Uttar Dinajpur,WEST BENGAL,14.792902568137233
Bilaspur,HIMACHAL PRADESH,14.789011344691493
Buldana,MAHARASHTRA,14.778399410216522
West Tripura,TRIPURA,14.77717186516576
Rewa,MADHYA PRADESH,14.768595828074593
Garhwal,UTTARAKHAND,14.763560782047266
Anantnag,JAMMU & KASHMIR,14.756466762456737
Raipur,CHHATTISGARH,14.753860810735699
Chandauli,UTTAR PRADESH,14.75193730729792
Anand,GUJARAT,14.750432819149474
Kandhamal,ODISHA,14.724730115877072
Hojai,ASSAM,14.688703399179163
Kollam,KERALA,14.687865175552338
Sagar,MADHYA PRADESH,14.673597686558569
Pulwama,JAMMU & KASHMIR,14.653153505632142
Sant Kabir Nagar,UTTAR PRADESH,14.638923672830568
Erode,TAMIL NADU,14.637086139673444
Shrawasti,UTTAR PRADESH,14.636054820548718
Jajapur,ODISHA,14.634660263004424
Mandya,KARNATAKA,14.626883248678869
Auraiya,UTTAR PRADESH,14.613329857835854
Rampur,UTTAR PRADESH,14.611820675964706
Jhalawar,RAJASTHAN,14.608564014472394
Arwal,BIHAR,14.60179082289652
Kodagu,KARNATAKA,14.593232577967798
Chitradurga,KARNATAKA,14.586114591603268
Rae Bareli,UTTAR PRADESH,14.578343910610434
Shivamogga,KARNATAKA,14.573367465271403
Davanagere,KARNATAKA,14.567120633366901
Udalguri,ASSAM,14.553269515001839
Rupnagar,PUNJAB,14.55015296383351
Kolar,KARNATAKA,14.532189534439569
Kushinagar,UTTAR PRADESH,14.5257316692209
Panch Mahals,GUJARAT,14.51254197973977
Solan,HIMACHAL PRADESH,14.504602095216217
Charaideo,ASSAM,14.498483193678695
Doda,JAMMU & KASHMIR,14.487666525517204
Yavatmal,MAHARASHTRA,14.48260719028669
Chitrakoot,UTTAR PRADESH,14.4798686527041
Upper Siang,ARUNACHAL PRADESH,14.46874306085235
Jabalpur,MADHYA PRADESH,14.46779199915463
Koppal,KARNATAKA,14.465288797483145
Kaushambi,UTTAR PRADESH,14.462724521248196
Dindigul,TAMIL NADU,14.460504975996665
Hassan,KARNATAKA,14.452359136779716
Kapurthala,PUNJAB,14.437077915657298
Sikar,RAJASTHAN,14.433744535144232
Bathinda,PUNJAB,14.432439103601508
Sirohi,RAJASTHAN,14.414967587255115
Ambala,HARYANA,14.403936732301005
Biswanath,ASSAM,14.377846930502967
Ambedkar Nagar,UTTAR PRADESH,14.34664676935026
Hoshiarpur,PUNJAB,14.345076149771591
Mau,UTTAR PRADESH,14.344909064687036
Adilabad,TELANGANA,14.340837653964073
Chengalpattu,TAMIL NADU,14.338825559345638
Chirang,ASSAM,14.327177071038736
Dhaulpur,RAJASTHAN,14.322869345442635
Gir Somnath,GUJARAT,14.319257269450073
Y.S.R.,ANDHRA PRADESH,14.315856218355389
Porbandar,GUJARAT,14.310989384830659
Badgam,JAMMU & KASHMIR,14.282593564658415
Indore,MADHYA PRADESH,14.276474793430765
Latur,MAHARASHTRA,14.271939876754926
Rajouri,JAMMU & KASHMIR,14.26711792280496
Mahrajganj,UTTAR PRADESH,14.2467026717813
Udhampur,JAMMU & KASHMIR,14.21953874401665
West Siang,ARUNACHAL PRADESH,14.206931820531816
Sundargarh,ODISHA,14.201704186966252
Ranchi,JHARKHAND,14.197119998803474
Satara,MAHARASHTRA,14.196438317671806
The Dangs,GUJARAT,14.193027581514267
Sangrur,PUNJAB,14.183626924681889
The Nilgiris,TAMIL NADU,14.181521521398048
Nainital,UTTARAKHAND,14.17404358957349
Paschim Bardhaman,WEST BENGAL,14.167484802131149
Gandhinagar,GUJARAT,14.150495722380777
Nayagarh,ODISHA,14.147611779485711
Nandurbar,MAHARASHTRA,14.135883571377343
Karnal,HARYANA,14.130339778285856
South Salmara Mancachar,ASSAM,14.088728871221644
Jamui,BIHAR,14.080780697205766
Baghpat,UTTAR PRADESH,14.060014261552078
Reasi,JAMMU & KASHMIR,14.047250900942073
Ujjain,MADHYA PRADESH,14.028002398535865
Shamli,UTTAR PRADESH,14.024477523954967
Thiruvarur,TAMIL NADU,13.980877190636447
Bhadohi,UTTAR PRADESH,13.979632076415218
Ganderbal,JAMMU & KASHMIR,13.968864401256017
Chhindwara,MADHYA PRADESH,13.955243811560596
Sheikhpura,BIHAR,13.952974381669135
Hapur,UTTAR PRADESH,13.946634127067115
Morena,MADHYA PRADESH,13.939282508437586
Sabar Kantha,GUJARAT,13.935683700651056
East Siang,ARUNACHAL PRADESH,13.92916281791021
Tehri Garhwal,UTTARAKHAND,13.928911332831515
Chikkamagaluru,KARNATAKA,13.92807228565061
Krishnagiri,TAMIL NADU,13.915616759115895
Nagaur,RAJASTHAN,13.9140218797126
Vellore,TAMIL NADU,13.909700707778667
Puruliya,WEST BENGAL,13.90934183977769
Dhule,MAHARASHTRA,13.905379214570328
Pudukkottai,TAMIL NADU,13.887053122860141
Virudhunagar,TAMIL NADU,13.884611316574295
Vidisha,MADHYA PRADESH,13.879084524896264
Khammam,TELANGANA,13.876207135960097
Bhiwani,HARYANA,13.861181519056318
Jamnagar,GUJARAT,13.855960916031117
Kishtwar,JAMMU & KASHMIR,13.851620129028582
Khordha,ODISHA,13.849602114839051
Papum Pare,ARUNACHAL PRADESH,13.819670181121646
West Karbi Anglong,ASSAM,13.792560401075463
Dima Hasao,ASSAM,13.785682728615217
Rayagada,ODISHA,13.778353303027748
Ahmadnagar,MAHARASHTRA,13.744180643719863
Guna,MADHYA PRADESH,13.740949040317723
East District,SIKKIM,13.733855784396166
Jind,HARYANA,13.731396627652702
Majuli,ASSAM,13.73119882779235
Rohtak,HARYANA,13.710172868710087
Hoshangabad,MADHYA PRADESH,13.706241370677152
Thiruvallur,TAMIL NADU,13.673875251994275
Balangir,ODISHA,13.663829374845573
Leh,LADAKH,13.648464032142419
Narmada,GUJARAT,13.624414483992092
Sehore,MADHYA PRADESH,13.624297549713402
Morbi,GUJARAT,13.621291329555119
Bargarh,ODISHA,13.614087660258907
Hathras,UTTAR PRADESH,13.565689697624794
Dewas,MADHYA PRADESH,13.55760707742869
Banswara,RAJASTHAN,13.54361333571918
Aravalli,GUJARAT,13.53249300044823
Warangal Rural,TELANGANA,13.50247233551987
Betul,MADHYA PRADESH,13.474591542759846
Kancheepuram,TAMIL NADU,13.470096546622718
Kaithal,HARYANA,13.45663716226992
Kathua,JAMMU & KASHMIR,13.453405870231894
North Tripura,TRIPURA,13.425164734923863
Chikkaballapura,KARNATAKA,13.40917971659012
Botad,GUJARAT,13.385629591123912
Kallakurichi,TAMIL NADU,13.373623675453258
Tawang,ARUNACHAL PRADESH,13.365469548955232
Udaipur,RAJASTHAN,13.340999144048794
Tiruppur,TAMIL NADU,13.330983392681425
Sonipat,HARYANA,13.321513999514549
Karur,TAMIL NADU,13.300072728632383
Bastar,CHHATTISGARH,13.274181260306246
Medak,TELANGANA,13.270380934338942
Gondiya,MAHARASHTRA,13.257668751528765
Sivaganga,TAMIL NADU,13.241569375849704
Dausa,RAJASTHAN,13.21177452936812
Yamunanagar,HARYANA,13.206928094938394
Mahisagar,GUJARAT,13.187004050682397
Namakkal,TAMIL NADU,13.186444809565327
Nizamabad,TELANGANA,13.178789742186606
Warangal Urban,TELANGANA,13.167522816940686
Baudh,ODISHA,13.156021760829558
Ramban,JAMMU & KASHMIR,13.13604914030907
Bhind,MADHYA PRADESH,13.121998929581226
Rajnandgaon,CHHATTISGARH,13.118907039563627
Subarnapur,ODISHA,13.102763511412057
Tapi,GUJARAT,13.096050919214967
Ariyalur,TAMIL NADU,13.089804218720658
Gwalior,MADHYA PRADESH,13.086771542139497
Bandipore,JAMMU & KASHMIR,13.083772934787342
Faridabad,HARYANA,13.063797652273237
Ramanagara,KARNATAKA,13.056740386416603
Sonbhadra,UTTAR PRADESH,13.056183216198006
Palamu,JHARKHAND,13.054443012276339
Nuapada,ODISHA,13.038948634816053
Udupi,KARNATAKA,13.008514448906736
Mansa,PUNJAB,13.005437411372714
West Kameng,ARUNACHAL PRADESH,12.988574519395987
Tumakuru,KARNATAKA,12.981699460911374
Chamarajanagara,KARNATAKA,12.976241045034715
Dharmapuri,TAMIL NADU,12.963906917019216
Rajgarh,MADHYA PRADESH,12.960728774648368
Damoh,MADHYA PRADESH,12.953807470822902
Mahoba,UTTAR PRADESH,12.917103678722318
Kupwara,JAMMU & KASHMIR,12.911015617775956
East Khasi Hills,MEGHALAYA,12.893531577652482
Mumbai Suburban,MAHARASHTRA,12.892295185056973
Hanumangarh,RAJASTHAN,12.891351268862383
Srinagar,JAMMU & KASHMIR,12.888221332606244
Anugul,ODISHA,12.81414308699189
Udham Singh Nagar,UTTARAKHAND,12.813095833142514
Karauli,RAJASTHAN,12.785134804609754
Burhanpur,MADHYA PRADESH,12.778778889751598
Perambalur,TAMIL NADU,12.768381101714061
Devbhumi Dwarka,GUJARAT,12.768307391455854
Gajapati,ODISHA,12.730445509094395
Noney,MANIPUR,12.728499352537503
Fazilka,PUNJAB,12.711655400142604
Kurukshetra,HARYANA,12.69188176334306
Jhunjhunun,RAJASTHAN,12.688618436513295
Purbi Singhbhum,JHARKHAND,12.645560586066884
Ranipet,TAMIL NADU,12.643814299855503
Fatehabad,HARYANA,12.608094599668737
Faridkot,PUNJAB,12.569999024995894
Nalgonda,TELANGANA,12.523449573878914
Tirupathur,TAMIL NADU,12.510208774828982
North,DELHI,12.505519713351603
Dohad,GUJARAT,12.50521505039512
Bageshwar,UTTARAKHAND,12.479758572738648
Chhatarpur,MADHYA PRADESH,12.460824774657855
Karimnagar,TELANGANA,12.450590881962183
Tenkasi,TAMIL NADU,12.438608592591057
Mahabubnagar,TELANGANA,12.413518304684972
Ratlam,MADHYA PRADESH,12.364180423938164
Bagalkote,KARNATAKA,12.352264924637737
Seoni,MADHYA PRADESH,12.338171071605162
Jharsuguda,ODISHA,12.322353113292673
Dungarpur,RAJASTHAN,12.3151833538887
Alipurduar,WEST BENGAL,12.287153516516197
Hardwar,UTTARAKHAND,12.275895813177403
Osmanabad,MAHARASHTRA,12.274168152976905
Champawat,UTTARAKHAND,12.273131236919184
Narsimhapur,MADHYA PRADESH,12.272207128992589
Jagatsinghapur,ODISHA,12.265147613159279
Mahasamund,CHHATTISGARH,12.263370029207879
Moga,PUNJAB,12.249494272419687
West Khasi Hills,MEGHALAYA,12.234504460081455
Panipat,HARYANA,12.229658578335464
Lalitpur,UTTAR PRADESH,12.22704290043755
Vijayapura,KARNATAKA,12.22306824443187
Dhar,MADHYA PRADESH,12.222735675425495
Malkangiri,ODISHA,12.198866393642605
Unokoti,TRIPURA,12.194018533074013
Una,HIMACHAL PRADESH,12.186777576748492
Fatehgarh Sahib,PUNJAB,12.183871093468309
Barwani,MADHYA PRADESH,12.157796682598162
North  District,SIKKIM,12.129733510221849
West Garo Hills,MEGHALAYA,12.11627981147293
Thoothukkudi,TAMIL NADU,12.099855590037578
Kamrup Metropolitan,ASSAM,12.092662660538267
Rajsamand,RAJASTHAN,12.045072167700983
South West,DELHI,12.004899852874885
Hingoli,MAHARASHTRA,11.971959816564476
Tarn Taran,PUNJAB,11.93121167916792
Harda,MADHYA PRADESH,11.890187891324528
West District,SIKKIM,11.83245566150928
Theni,TAMIL NADU,11.776661030227343
Sri Muktsar Sahib,PUNJAB,11.775474642293867
Gomati,TRIPURA,11.771332305883119
Chota Udaipur,GUJARAT,11.771129154593742
Mandla,MADHYA PRADESH,11.733446041493288
Shupiyan,JAMMU & KASHMIR,11.718809232418753
North Goa,GOA,11.693340319623479
South Goa,GOA,11.689677964510519
Kargil,LADAKH,11.688354952761177
Bhopal,MADHYA PRADESH,11.677640660322279
Shivpuri,MADHYA PRADESH,11.667533409556551
Panchkula,HARYANA,11.642563713114603
Mulugu,TELANGANA,11.639663312410365
Jayashankar,TELANGANA,11.63604258574657
Shahid Bhagat Singh Nagar,PUNJAB,11.623164130923987
South Tripura,TRIPURA,11.614260287187227
Gurugram,HARYANA,11.613218485059855
Mandsaur,MADHYA PRADESH,11.601043157916012
Ribhoi,MEGHALAYA,11.56983751271364
Lohit,ARUNACHAL PRADESH,11.565889287647884
South District,SIKKIM,11.559174791160126
Central,DELHI,11.556032138850327
Kulgam,JAMMU & KASHMIR,11.544190820352002
Samba,JAMMU & KASHMIR,11.523626947400388
Kurung Kumey,ARUNACHAL PRADESH,11.510044988050431
Datia,MADHYA PRADESH,11.492406961849484
Panna,MADHYA PRADESH,11.464881114149012
Giridih,JHARKHAND,11.462058703328612
Thoubal,MANIPUR,11.46109993778033
Durg,CHHATTISGARH,11.387358838485305
Katni,MADHYA PRADESH,11.376302525668784
Kamareddy,TELANGANA,11.365235920129477
Singrauli,MADHYA PRADESH,11.286876313176668
Lunglei,MIZORAM,11.271881135911613
Lawngtlai,MIZORAM,11.266585849948353
Champhai,MIZORAM,11.253727492530876
Changlang,ARUNACHAL PRADESH,11.251637398872711
Ashoknagar,MADHYA PRADESH,11.23645822753216
Tamenglong,MANIPUR,11.226699133445404
Debagarh,ODISHA,11.204453176669588
Chatra,JHARKHAND,11.172518237918649
Sheopur,MADHYA PRADESH,11.164904277475754
Dhalai,TRIPURA,11.161184783193038
Godda,JHARKHAND,11.1329118351489
Upper Subansiri,ARUNACHAL PRADESH,11.125065157677906
Barnala,PUNJAB,11.104807807396753
Sahibganj,JHARKHAND,11.069014465701779
Gumla,JHARKHAND,11.057680028059243
Garhwa,JHARKHAND,11.04842383413576
Uttar Bastar Kanker,CHHATTISGARH,11.025433919960097
Kra Daadi,ARUNACHAL PRADESH,11.01656951844341
Kanniyakumari,TAMIL NADU,11.01336275465019
Lahul & Spiti,HIMACHAL PRADESH,10.96578019019641
West,DELHI,10.94354846228993
Khowai,TRIPURA,10.896522224413971
Tikamgarh,MADHYA PRADESH,10.89427204404565
Vikarabad,TELANGANA,10.890505293328674
Satna,MADHYA PRADESH,10.888948730776102
Sipahijala,TRIPURA,10.887426944928727
Narayanpet,TELANGANA,10.866879335501325
Pathankot,PUNJAB,10.849183480056967
South Garo Hills,MEGHALAYA,10.843939023790394
Shajapur,MADHYA PRADESH,10.84349368116641
Dindori,MADHYA PRADESH,10.83104980705238
Janjgir - Champa,CHHATTISGARH,10.791229865876428
Medchal Malkajgiri,TELANGANA,10.786006196303363
Surguja,CHHATTISGARH,10.750021653536365
Lower Subansiri,ARUNACHAL PRADESH,10.74706790781616
Washim,MAHARASHTRA,10.734974523913712
Jhajjar,HARYANA,10.716280175248379
East Garo Hills,MEGHALAYA,10.696820929375155
South West Garo Hills,MEGHALAYA,10.671036900750007
Neemuch,MADHYA PRADESH,10.664636960132986
Ramgarh,JHARKHAND,10.627312499651268
Rewari,HARYANA,10.597251089448347
Dumka,JHARKHAND,10.584806948193599
Namsai,ARUNACHAL PRADESH,10.56352688594745
Sidhi,MADHYA PRADESH,10.556680246809432
North Garo Hills,MEGHALAYA,10.473013602064915
Hyderabad,TELANGANA,10.461370494449875
Lower Dibang Valley,ARUNACHAL PRADESH,10.435148428163515
New Delhi,DELHI,10.399872325032984
Anjaw,ARUNACHAL PRADESH,10.331746414673857
Palwal,HARYANA,10.310952075785933
Pashchimi Singhbhum,JHARKHAND,10.306841150931813
Siang,ARUNACHAL PRADESH,10.300113768441996
Nabarangapur,ODISHA,10.296490508721547
Bhadradri Kothagudem,TELANGANA,10.291820822002277
Muzaffarabad,JAMMU & KASHMIR,10.252418880453558
Imphal East,MANIPUR,10.245482380946884
Jhabua,MADHYA PRADESH,10.241131625419241
Mungeli,CHHATTISGARH,10.213543018484753
Alirajpur,MADHYA PRADESH,10.195950433227079
Deoghar,JHARKHAND,10.195271519719046
Jogulamba Gadwal,TELANGANA,10.137668799539624
Mamit,MIZORAM,10.112772397135727
Khunti,JHARKHAND,10.055094618285555
Bokaro,JHARKHAND,10.052560471915163
Nagarkurnool,TELANGANA,10.02790622304353
Anuppur,MADHYA PRADESH,9.990783932578736
Mahabubabad,TELANGANA,9.983654249916059
Wanaparthy,TELANGANA,9.983597435827042
Nirmal,TELANGANA,9.97777035268932
Bametara,CHHATTISGARH,9.95595548857293
Mirpur,JAMMU & KASHMIR,9.948679414974753
Pakur,JHARKHAND,9.940192955238464
Nuh,HARYANA,9.922296092954678
Kalimpong,WEST BENGAL,9.916650213959274
Lohardaga,JHARKHAND,9.906912664619114
Suryapet,TELANGANA,9.901334243798269
Kolasib,MIZORAM,9.878909712173492
West Jaintia Hills,MEGHALAYA,9.874314592993613
Yadadri Bhuvanagiri,TELANGANA,9.86087462664835
Peddapalli,TELANGANA,9.845408482920165
Upper Dibang Valley,ARUNACHAL PRADESH,9.841545884430838
Saiha,MIZORAM,9.83880428968046
Mahendragarh,HARYANA,9.834091081145813
Imphal West,MANIPUR,9.824765631403091
Dadra & Nagar Haveli,DADRA & NAGAR HAVE,9.82021116955276
Puducherry,PUDUCHERRY,9.745259263728006
Dhamtari,CHHATTISGARH,9.737562775263703
Siddipet,TELANGANA,9.736998679525309
Siddharthnagar,UTTAR PRADESH,9.72399035289081
Serchhip,MIZORAM,9.723515036831328
Mancherial,TELANGANA,9.717544076057568
Jagitial,TELANGANA,9.679544393631508
East Jaintia Hills,MEGHALAYA,9.65998633260374
Niwari,MADHYA PRADESH,9.638222930912182
Charki Dadri,HARYANA,9.619373407745462
Lower Siang,ARUNACHAL PRADESH,9.609839787960246
Chittaurgarh,RAJASTHAN,9.594135959660097
Kohima,NAGALAND,9.5925154353088
Narayanpur,CHHATTISGARH,9.55376214188696
Ranga Reddy,TELANGANA,9.536145532868831
North East,DELHI,9.525736278273992
South West Khasi Hills,MEGHALAYA,9.505296323813457
Sangareddy,TELANGANA,9.492916177630676
South East,DELHI,9.482388752073582
Tirap,ARUNACHAL PRADESH,9.475632710698273
Korba,CHHATTISGARH,9.450878057206763
Phek,NAGALAND,9.433797710693455
Longding,ARUNACHAL PRADESH,9.380106398863669
Kamle,ARUNACHAL PRADESH,9.357481439682793
Zunheboto,NAGALAND,9.351020631650451
Pakke Kessang,ARUNACHAL PRADESH,9.274304467085793
East Nimar,MADHYA PRADESH,9.24772357188089
Baloda Bazar,CHHATTISGARH,9.197380868666414
Agar Malwa,MADHYA PRADESH,9.189893645189708
Jamtara,JHARKHAND,9.108846380469977
Shi Yomi,ARUNACHAL PRADESH,9.096398933410187
Jashpur,CHHATTISGARH,9.061379751377704
Kiphire,NAGALAND,9.05089449050156
North West,DELHI,8.981260027282882
Simdega,JHARKHAND,8.94116808234982
Dhanbad,JHARKHAND,8.927454083908186
Latehar,JHARKHAND,8.923637897176071
Dimapur,NAGALAND,8.881072108678037
Lepa Rada,ARUNACHAL PRADESH,8.713845097816714
Kumuram Bheem Asifabad,TELANGANA,8.66093849709519
Shahdol,MADHYA PRADESH,8.606111330127606
Koriya,CHHATTISGARH,8.59284199242208
Hazaribagh,JHARKHAND,8.551359145646899
Saraikela-kharsawan,JHARKHAND,8.535902648674234
Chandigarh,CHANDIGARH,8.444719669556333
Churachandpur,MANIPUR,8.413451680279724
Senapati,MANIPUR,8.399273632440867
Kabeerdham,CHHATTISGARH,8.3867421635168
Mon,NAGALAND,8.374345913494796
South Andaman,ANDAMAN & NICOBAR,8.360463034157858
Jangoan,TELANGANA,8.296947751656099
Umaria,MADHYA PRADESH,8.24755174208456
Shahdara,DELHI,8.206277741519726
Pherzawl,MANIPUR,8.073969241981777
Ukhrul,MANIPUR,8.053628266155952
Kangpokpi,MANIPUR,8.00393638306531
Kakching,MANIPUR,7.9281417270533545
Peren,NAGALAND,7.912089199797859
Sukma,CHHATTISGARH,7.909024380663381
Chandel,MANIPUR,7.865775829637234
Jhargram,WEST BENGAL,7.851960065827975
Wokha,NAGALAND,7.815000444608371
Surajpur,CHHATTISGARH,7.792234030913422
Sahibzada Ajit Singh Nag*,PUNJAB,7.786181657360266
Mokokchung,NAGALAND,7.7575491461839885
Jiribam,MANIPUR,7.702555124846091
Tuensang,NAGALAND,7.690746667159076
South,DELHI,7.686692945997747
Kondagaon,CHHATTISGARH,7.560307969081454
Tirunelveli,TAMIL NADU,7.541970999898446
East Kameng,ARUNACHAL PRADESH,7.516648699454786
Kamjong,MANIPUR,7.479566995010197
North  & Middle Andaman,ANDAMAN & NICOBAR,7.4625747398678905
Tengnoupal,MANIPUR,7.310092891311484
Gariaband,CHHATTISGARH,7.285327069503
Dakshin Bastar Dantewada,CHHATTISGARH,7.263513106542463
"Almora
",UTTARAKHAND,7.102979287602845
Karaikal,PUDUCHERRY,7.016885974680272
Longleng,NAGALAND,6.923534921461172
Balod,CHHATTISGARH,6.814171814275378
Rajanna Sircilla,TELANGANA,6.28564759560078
Kodarma,JHARKHAND,5.936974084070552
Yanam,PUDUCHERRY,5.860381611156025
Bishnupur,MANIPUR,5.479314363347237
Daman,DAMAN & DIU,5.2337505446842085
Lakshadweep,LAKSHADWEEP,4.858476899467763
Nicobars,ANDAMAN & NICOBAR,4.664727108280096
Diu,DAMAN & DIU,4.269141538160504
Mahe,PUDUCHERRY,4.244484579746598
East,DELHI,
